{"cameraMode":{"drawMode":0,"name":"Shaded","section":"Shading Mode"},"sceneLighting":false,"audioPlay":false,"sceneViewState":{"showFog":true,"showMaterialUpdate":false,"showSkybox":false,"showFlares":true,"showImageEffects":true,"showParticleSystems":true},"in2DMode":false,"pivot":{"x":0.533204197883606,"y":-2.0631051063537599,"z":2.907378673553467},"rotation":{"x":-0.3249931037425995,"y":-0.06462134420871735,"z":0.02226494438946247,"w":-0.9432445168495178},"size":6.757885456085205,"orthographic":false}