{"cameraMode":{"drawMode":0,"name":"Shaded","section":"Shading Mode"},"sceneLighting":true,"audioPlay":false,"sceneViewState":{"showFog":true,"showMaterialUpdate":false,"showSkybox":true,"showFlares":true,"showImageEffects":true,"showParticleSystems":true},"in2DMode":false,"pivot":{"x":-0.28841203451156618,"y":0.3533926010131836,"z":0.1319044828414917},"rotation":{"x":-0.6612237095832825,"y":-0.033275045454502109,"z":0.029377970844507219,"w":-0.748887300491333},"size":12.164929389953614,"orthographic":false}